service,servicename,op1,op2,op3,op4,details,date,time,firstname,lastname,email,phone
bus,Bus,1,1,1,"Vancouver, 1st and Main",Some test details to fill out some space. This comment takes up 76 characters.,20190327,12:00 PM,Testfirst,Testlast,t@test.com,(506) 455-7725
skytrain,SkyTrain,Expo Line,King George,,101,Some test details to fill out some space. This comment takes up 76 characters.,20190326,01:00 PM,Testfirst,Testlast,t@test.com,(506) 455-7725
seabus,SeaBus,,,,,Some test details to fill out some space. This comment takes up 76 characters.,20190325,11:00 AM,Testfirst,Testlast,t@test.com,(506) 455-7725
wce,West Coast Express,Mission City,,,201,Some test details to fill out some space. This comment takes up 76 characters.,20190324,02:00 PM,Testfirst,Testlast,t@test.com,(506) 455-7725
handydart,HandyDART,301,,,"Burnaby, Canada Way and Burris Street",Some test details to fill out some space. This comment takes up 76 characters.,20190323,10:00 AM,Testfirst,Testlast,t@test.com,(506) 455-7725
handytaxi,HandyDART Taxi,401,Big Yellow,411,"Richmond, Granville and St Albans",Some test details to fill out some space. This comment takes up 76 characters.,20190322,03:00 PM,Testfirst,Testlast,t@test.com,(506) 455-7725
webtech,Web/Technical,Trip Planner,tripplanning.qa.translink.ca/#/app/tripplanner,Windows 10,Chrome,Some test details to fill out some space. This comment takes up 76 characters.,20190321,09:00 AM,Testfirst,Testlast,t@test.com,(506) 455-7725
lostproperty,Lost Property,Bus,501,511,,Some test details to fill out some space. This comment takes up 76 characters.,20190327,04:00 PM,Testfirst,Testlast,t@test.com,(506) 455-7725
other,Other,,,,,Some test details to fill out some space. This comment takes up 76 characters.,20190326,08:00 AM,Testfirst,Testlast,t@test.com,(506) 455-7725
bus,Bus,2,2,2,"Surrey, 104 Ave and 140 Street",Some test details to fill out some space. This comment takes up 76 characters.,20190325,05:00 PM,Testfirst,Testlast,t@test.com,(506) 455-7725
skytrain,SkyTrain,Millenium Line,Lafarge Lake-Douglas,,102,Some test details to fill out some space. This comment takes up 76 characters.,20190324,07:00 AM,Testfirst,Testlast,t@test.com,(506) 455-7725
seabus,SeaBus,,,,,Some test details to fill out some space. This comment takes up 76 characters.,20190323,06:00 PM,Testfirst,Testlast,t@test.com,(506) 455-7725
wce,West Coast Express,Waterfront,,,202,Some test details to fill out some space. This comment takes up 76 characters.,20190322,06:00 AM,Testfirst,Testlast,t@test.com,(506) 455-7725
handydart,HandyDART,302,,,"Coquitlam, Guildford Way and Pinetree Way",Some test details to fill out some space. This comment takes up 76 characters.,20190321,07:00 PM,Testfirst,Testlast,t@test.com,(506) 455-7725
handytaxi,HandyDART Taxi,402,Big Yellow,412,"North Vancouver, 17th and Lonsdale",Some test details to fill out some space. This comment takes up 76 characters.,20190327,05:00 AM,Testfirst,Testlast,t@test.com,(506) 455-7725
webtech,Web/Technical,Translink,www.translink.ca,MacOS,Safari,Some test details to fill out some space. This comment takes up 76 characters.,20190326,08:00 PM,Testfirst,Testlast,t@test.com,(506) 455-7725
lostproperty,Lost Property,Expo/Millenium Line,,,,Some test details to fill out some space. This comment takes up 76 characters.,20190325,04:00 AM,Testfirst,Testlast,t@test.com,(506) 455-7725
other,Other,,,,,Some test details to fill out some space. This comment takes up 76 characters.,20190324,09:00 PM,Testfirst,Testlast,t@test.com,(506) 455-7725
bus,Bus,3,3,3,"Vancouver, 1st and Main",Some test details to fill out some space. This comment takes up 76 characters.,20190323,03:00 AM,Testfirst,Testlast,t@test.com,(506) 455-7725
skytrain,SkyTrain,Canada Line,Richmond-Brighouse,,103,Some test details to fill out some space. This comment takes up 76 characters.,20190322,10:00 PM,Testfirst,Testlast,t@test.com,(506) 455-7725
seabus,SeaBus,,,,,Some test details to fill out some space. This comment takes up 76 characters.,20190321,02:00 AM,Testfirst,Testlast,t@test.com,(506) 455-7725
wce,West Coast Express,Don't Know,,,203,Some test details to fill out some space. This comment takes up 76 characters.,20190327,11:00 PM,Testfirst,Testlast,t@test.com,(506) 455-7725
handydart,HandyDART,303,,,"Burnaby, Canada Way and Burris Street",Some test details to fill out some space. This comment takes up 76 characters.,20190326,01:00 AM,Testfirst,Testlast,t@test.com,(506) 455-7725
handytaxi,HandyDART Taxi,403,Big Yellow,413,"Richmond, Granville and St Albans",Some test details to fill out some space. This comment takes up 76 characters.,20190325,12:00 AM,Testfirst,Testlast,t@test.com,(506) 455-7725
webtech,Web/Technical,Translink Mobile,m.translink.ca,Android,Firefox,Some test details to fill out some space. This comment takes up 76 characters.,20190324,12:00 AM,Testfirst,Testlast,t@test.com,(506) 455-7725
lostproperty,Lost Property,Canada Line,,,,Some test details to fill out some space. This comment takes up 76 characters.,20190323,01:00 AM,Testfirst,Testlast,t@test.com,(506) 455-7725
other,Other,,,,,Some test details to fill out some space. This comment takes up 76 characters.,20190322,11:00 PM,Testfirst,Testlast,t@test.com,(506) 455-7725
bus,Bus,4,4,4,"Surrey, 104 Ave and 140 Street",Some test details to fill out some space. This comment takes up 76 characters.,20190321,02:00 AM,Testfirst,Testlast,t@test.com,(506) 455-7725
skytrain,SkyTrain,Don't Know,,,104,Some test details to fill out some space. This comment takes up 76 characters.,20190327,10:00 PM,Testfirst,Testlast,t@test.com,(506) 455-7725
seabus,SeaBus,,,,,Some test details to fill out some space. This comment takes up 76 characters.,20190326,03:00 AM,Testfirst,Testlast,t@test.com,(506) 455-7725
wce,West Coast Express,Mission City,,,204,Some test details to fill out some space. This comment takes up 76 characters.,20190325,09:00 PM,Testfirst,Testlast,t@test.com,(506) 455-7725
handydart,HandyDART,304,,,"Coquitlam, Guildford Way and Pinetree Way",Some test details to fill out some space. This comment takes up 76 characters.,20190324,04:00 AM,Testfirst,Testlast,t@test.com,(506) 455-7725
handytaxi,HandyDART Taxi,404,Big Yellow,414,"North Vancouver, 17th and Lonsdale",Some test details to fill out some space. This comment takes up 76 characters.,20190323,08:00 PM,Testfirst,Testlast,t@test.com,(506) 455-7725
webtech,Web/Technical,NextBus,tripplanning.qa.translink.ca/#/app/nextdepartures,Windows 10,Edge,Some test details to fill out some space. This comment takes up 76 characters.,20190322,05:00 AM,Testfirst,Testlast,t@test.com,(506) 455-7725
lostproperty,Lost Property,SeaBus,,,,Some test details to fill out some space. This comment takes up 76 characters.,20190321,07:00 PM,Testfirst,Testlast,t@test.com,(506) 455-7725
other,Other,,,,,Some test details to fill out some space. This comment takes up 76 characters.,20190327,06:00 AM,Testfirst,Testlast,t@test.com,(506) 455-7725
bus,Bus,5,5,5,"Vancouver, 1st and Main",Some test details to fill out some space. This comment takes up 76 characters.,20190326,06:00 PM,Testfirst,Testlast,t@test.com,(506) 455-7725
skytrain,SkyTrain,Expo Line,Production Way-University,,105,Some test details to fill out some space. This comment takes up 76 characters.,20190325,07:00 AM,Testfirst,Testlast,t@test.com,(506) 455-7725
seabus,SeaBus,,,,,Some test details to fill out some space. This comment takes up 76 characters.,20190324,05:00 PM,Testfirst,Testlast,t@test.com,(506) 455-7725
wce,West Coast Express,Waterfront,,,205,Some test details to fill out some space. This comment takes up 76 characters.,20190323,08:00 AM,Testfirst,Testlast,t@test.com,(506) 455-7725
handydart,HandyDART,305,,,"Burnaby, Canada Way and Burris Street",Some test details to fill out some space. This comment takes up 76 characters.,20190322,04:00 PM,Testfirst,Testlast,t@test.com,(506) 455-7725
handytaxi,HandyDART Taxi,405,Big Yellow,415,"Richmond, Granville and St Albans",Some test details to fill out some space. This comment takes up 76 characters.,20190321,09:00 AM,Testfirst,Testlast,t@test.com,(506) 455-7725
webtech,Web/Technical,Transit Alerts,,BlackberryOS,BBBrowser,Some test details to fill out some space. This comment takes up 76 characters.,20190327,03:00 PM,Testfirst,Testlast,t@test.com,(506) 455-7725
lostproperty,Lost Property,West Coast Express,,,,Some test details to fill out some space. This comment takes up 76 characters.,20190326,10:00 AM,Testfirst,Testlast,t@test.com,(506) 455-7725
other,Other,,,,,Some test details to fill out some space. This comment takes up 76 characters.,20190325,02:00 PM,Testfirst,Testlast,t@test.com,(506) 455-7725
bus,Bus,6,6,6,"Surrey, 104 Ave and 140 Street",Some test details to fill out some space. This comment takes up 76 characters.,20190324,11:00 AM,Testfirst,Testlast,t@test.com,(506) 455-7725
skytrain,SkyTrain,Millenium Line,VCC-Clark,,106,Some test details to fill out some space. This comment takes up 76 characters.,20190323,01:00 PM,Testfirst,Testlast,t@test.com,(506) 455-7725
seabus,SeaBus,,,,,Some test details to fill out some space. This comment takes up 76 characters.,20190322,12:00 PM,Testfirst,Testlast,t@test.com,(506) 455-7725
wce,West Coast Express,Don't Know,,,206,Some test details to fill out some space. This comment takes up 76 characters.,20190321,12:00 PM,Testfirst,Testlast,t@test.com,(506) 455-7725
handydart,HandyDART,306,,,"Coquitlam, Guildford Way and Pinetree Way",Some test details to fill out some space. This comment takes up 76 characters.,20190327,01:00 PM,Testfirst,Testlast,t@test.com,(506) 455-7725
handytaxi,HandyDART Taxi,406,Big Yellow,416,"North Vancouver, 17th and Lonsdale",Some test details to fill out some space. This comment takes up 76 characters.,20190326,11:00 AM,Testfirst,Testlast,t@test.com,(506) 455-7725
webtech,Web/Technical,Compass Card,,,,Some test details to fill out some space. This comment takes up 76 characters.,20190325,02:00 PM,Testfirst,Testlast,t@test.com,(506) 455-7725
lostproperty,Lost Property,Bus,506,516,,Some test details to fill out some space. This comment takes up 76 characters.,20190324,10:00 AM,Testfirst,Testlast,t@test.com,(506) 455-7725
other,Other,,,,,Some test details to fill out some space. This comment takes up 76 characters.,20190323,03:00 PM,Testfirst,Testlast,t@test.com,(506) 455-7725
bus,Bus,7,7,7,"Vancouver, 1st and Main",Some test details to fill out some space. This comment takes up 76 characters.,20190322,09:00 AM,Testfirst,Testlast,t@test.com,(506) 455-7725
skytrain,SkyTrain,Canada Line,YVR-Airport,,107,Some test details to fill out some space. This comment takes up 76 characters.,20190321,04:00 PM,Testfirst,Testlast,t@test.com,(506) 455-7725
seabus,SeaBus,,,,,Some test details to fill out some space. This comment takes up 76 characters.,20190327,08:00 AM,Testfirst,Testlast,t@test.com,(506) 455-7725
wce,West Coast Express,Mission City,,,207,Some test details to fill out some space. This comment takes up 76 characters.,20190326,05:00 PM,Testfirst,Testlast,t@test.com,(506) 455-7725
handydart,HandyDART,307,,,"Burnaby, Canada Way and Burris Street",Some test details to fill out some space. This comment takes up 76 characters.,20190325,07:00 AM,Testfirst,Testlast,t@test.com,(506) 455-7725
handytaxi,HandyDART Taxi,407,Big Yellow,417,"Richmond, Granville and St Albans",Some test details to fill out some space. This comment takes up 76 characters.,20190324,06:00 PM,Testfirst,Testlast,t@test.com,(506) 455-7725
webtech,Web/Technical,Buzzer Blog,,Android,Firefox,Some test details to fill out some space. This comment takes up 76 characters.,20190323,06:00 AM,Testfirst,Testlast,t@test.com,(506) 455-7725
lostproperty,Lost Property,Expo/Millenium Line,,,,Some test details to fill out some space. This comment takes up 76 characters.,20190322,07:00 PM,Testfirst,Testlast,t@test.com,(506) 455-7725
other,Other,,,,,Some test details to fill out some space. This comment takes up 76 characters.,20190321,05:00 AM,Testfirst,Testlast,t@test.com,(506) 455-7725
bus,Bus,8,8,8,"Surrey, 104 Ave and 140 Street",Some test details to fill out some space. This comment takes up 76 characters.,20190327,08:00 PM,Testfirst,Testlast,t@test.com,(506) 455-7725
skytrain,SkyTrain,Expo Line,Waterfront,,108,Some test details to fill out some space. This comment takes up 76 characters.,20190326,04:00 AM,Testfirst,Testlast,t@test.com,(506) 455-7725
seabus,SeaBus,,,,,Some test details to fill out some space. This comment takes up 76 characters.,20190325,09:00 PM,Testfirst,Testlast,t@test.com,(506) 455-7725
wce,West Coast Express,Waterfront,,,208,Some test details to fill out some space. This comment takes up 76 characters.,20190324,03:00 AM,Testfirst,Testlast,t@test.com,(506) 455-7725
handydart,HandyDART,308,,,"Coquitlam, Guildford Way and Pinetree Way",Some test details to fill out some space. This comment takes up 76 characters.,20190323,10:00 PM,Testfirst,Testlast,t@test.com,(506) 455-7725
handytaxi,HandyDART Taxi,408,Big Yellow,418,"North Vancouver, 17th and Lonsdale",Some test details to fill out some space. This comment takes up 76 characters.,20190322,02:00 AM,Testfirst,Testlast,t@test.com,(506) 455-7725
webtech,Web/Technical,Other,,Windows 10,Edge,Some test details to fill out some space. This comment takes up 76 characters.,20190321,11:00 PM,Testfirst,Testlast,t@test.com,(506) 455-7725
lostproperty,Lost Property,Canada Line,,,,Some test details to fill out some space. This comment takes up 76 characters.,20190327,01:00 AM,Testfirst,Testlast,t@test.com,(506) 455-7725
other,Other,,,,,Some test details to fill out some space. This comment takes up 76 characters.,20190326,12:00 AM,Testfirst,Testlast,t@test.com,(506) 455-7725
bus,Bus,1,1,1,"Vancouver, 1st and Main",Some test details to fill out some space. This comment takes up 76 characters.,20190325,12:00 AM,Testfirst,Testlast,t@test.com,(506) 455-7725
skytrain,SkyTrain,Millenium Line,Don't Know,,101,Some test details to fill out some space. This comment takes up 76 characters.,20190324,01:00 AM,Testfirst,Testlast,t@test.com,(506) 455-7725
seabus,SeaBus,,,,,Some test details to fill out some space. This comment takes up 76 characters.,20190323,11:00 PM,Testfirst,Testlast,t@test.com,(506) 455-7725
wce,West Coast Express,Mission City,,,201,Some test details to fill out some space. This comment takes up 76 characters.,20190322,02:00 AM,Testfirst,Testlast,t@test.com,(506) 455-7725
handydart,HandyDART,301,,,"Burnaby, Canada Way and Burris Street",Some test details to fill out some space. This comment takes up 76 characters.,20190321,10:00 PM,Testfirst,Testlast,t@test.com,(506) 455-7725
handytaxi,HandyDART Taxi,401,Big Yellow,411,"Richmond, Granville and St Albans",Some test details to fill out some space. This comment takes up 76 characters.,20190327,03:00 AM,Testfirst,Testlast,t@test.com,(506) 455-7725
webtech,Web/Technical,Trip Planner,tripplanning.qa.translink.ca/#/app/tripplanner,Windows 10,Chrome,Some test details to fill out some space. This comment takes up 76 characters.,20190326,09:00 PM,Testfirst,Testlast,t@test.com,(506) 455-7725
lostproperty,Lost Property,Bus,501,511,,Some test details to fill out some space. This comment takes up 76 characters.,20190325,04:00 AM,Testfirst,Testlast,t@test.com,(506) 455-7725
other,Other,,,,,Some test details to fill out some space. This comment takes up 76 characters.,20190324,08:00 PM,Testfirst,Testlast,t@test.com,(506) 455-7725
bus,Bus,2,2,2,"Surrey, 104 Ave and 140 Street",Some test details to fill out some space. This comment takes up 76 characters.,20190323,05:00 AM,Testfirst,Testlast,t@test.com,(506) 455-7725
skytrain,SkyTrain,Canada Line,Waterfront,,102,Some test details to fill out some space. This comment takes up 76 characters.,20190322,07:00 PM,Testfirst,Testlast,t@test.com,(506) 455-7725
seabus,SeaBus,,,,,Some test details to fill out some space. This comment takes up 76 characters.,20190321,06:00 AM,Testfirst,Testlast,t@test.com,(506) 455-7725
wce,West Coast Express,Waterfront,,,202,Some test details to fill out some space. This comment takes up 76 characters.,20190327,06:00 PM,Testfirst,Testlast,t@test.com,(506) 455-7725
handydart,HandyDART,302,,,"Coquitlam, Guildford Way and Pinetree Way",Some test details to fill out some space. This comment takes up 76 characters.,20190326,07:00 AM,Testfirst,Testlast,t@test.com,(506) 455-7725
handytaxi,HandyDART Taxi,402,Big Yellow,412,"North Vancouver, 17th and Lonsdale",Some test details to fill out some space. This comment takes up 76 characters.,20190325,05:00 PM,Testfirst,Testlast,t@test.com,(506) 455-7725
webtech,Web/Technical,Translink,www.translink.ca,MacOS,Safari,Some test details to fill out some space. This comment takes up 76 characters.,20190324,08:00 AM,Testfirst,Testlast,t@test.com,(506) 455-7725
lostproperty,Lost Property,Expo/Millenium Line,,,,Some test details to fill out some space. This comment takes up 76 characters.,20190323,04:00 PM,Testfirst,Testlast,t@test.com,(506) 455-7725
other,Other,,,,,Some test details to fill out some space. This comment takes up 76 characters.,20190322,09:00 AM,Testfirst,Testlast,t@test.com,(506) 455-7725
bus,Bus,3,3,3,"Vancouver, 1st and Main",Some test details to fill out some space. This comment takes up 76 characters.,20190321,03:00 PM,Testfirst,Testlast,t@test.com,(506) 455-7725
skytrain,SkyTrain,Expo Line,Waterfront,,103,Some test details to fill out some space. This comment takes up 76 characters.,20190327,10:00 AM,Testfirst,Testlast,t@test.com,(506) 455-7725
seabus,SeaBus,,,,,Some test details to fill out some space. This comment takes up 76 characters.,20190326,02:00 PM,Testfirst,Testlast,t@test.com,(506) 455-7725
wce,West Coast Express,Don't Know,,,203,Some test details to fill out some space. This comment takes up 76 characters.,20190325,11:00 AM,Testfirst,Testlast,t@test.com,(506) 455-7725
handydart,HandyDART,303,,,"Burnaby, Canada Way and Burris Street",Some test details to fill out some space. This comment takes up 76 characters.,20190324,01:00 PM,Testfirst,Testlast,t@test.com,(506) 455-7725
handytaxi,HandyDART Taxi,403,Big Yellow,413,"Richmond, Granville and St Albans",Some test details to fill out some space. This comment takes up 76 characters.,20190323,12:00 PM,Testfirst,Testlast,t@test.com,(506) 455-7725
webtech,Web/Technical,Translink Mobile,m.translink.ca,Android,Firefox,Some test details to fill out some space. This comment takes up 76 characters.,20190322,12:00 PM,Testfirst,Testlast,t@test.com,(506) 455-7725
lostproperty,Lost Property,Canada Line,,,,Some test details to fill out some space. This comment takes up 76 characters.,20190321,01:00 PM,Testfirst,Testlast,t@test.com,(506) 455-7725
other,Other,,,,,Some test details to fill out some space. This comment takes up 76 characters.,20190327,11:00 AM,Testfirst,Testlast,t@test.com,(506) 455-7725
bus,Bus,4,4,4,"Surrey, 104 Ave and 140 Street",Some test details to fill out some space. This comment takes up 76 characters.,20190326,02:00 PM,Testfirst,Testlast,t@test.com,(506) 455-7725
skytrain,SkyTrain,Canada Line,Don't Know,,104,Some test details to fill out some space. This comment takes up 76 characters.,20190325,10:00 AM,Testfirst,Testlast,t@test.com,(506) 455-7725
seabus,SeaBus,,,,,Some test details to fill out some space. This comment takes up 76 characters.,20190324,03:00 PM,Testfirst,Testlast,t@test.com,(506) 455-7725
wce,West Coast Express,Mission City,,,204,Some test details to fill out some space. This comment takes up 76 characters.,20190323,09:00 AM,Testfirst,Testlast,t@test.com,(506) 455-7725
handydart,HandyDART,304,,,"Coquitlam, Guildford Way and Pinetree Way",Some test details to fill out some space. This comment takes up 76 characters.,20190322,04:00 PM,Testfirst,Testlast,t@test.com,(506) 455-7725
handytaxi,HandyDART Taxi,404,Big Yellow,414,"North Vancouver, 17th and Lonsdale",Some test details to fill out some space. This comment takes up 76 characters.,20190321,08:00 AM,Testfirst,Testlast,t@test.com,(506) 455-7725
webtech,Web/Technical,NextBus,tripplanning.qa.translink.ca/#/app/nextdepartures,Windows 10,Edge,Some test details to fill out some space. This comment takes up 76 characters.,20190327,05:00 PM,Testfirst,Testlast,t@test.com,(506) 455-7725
lostproperty,Lost Property,SeaBus,,,,Some test details to fill out some space. This comment takes up 76 characters.,20190326,07:00 AM,Testfirst,Testlast,t@test.com,(506) 455-7725
other,Other,,,,,Some test details to fill out some space. This comment takes up 76 characters.,20190325,06:00 PM,Testfirst,Testlast,t@test.com,(506) 455-7725
bus,Bus,5,5,5,"Vancouver, 1st and Main",Some test details to fill out some space. This comment takes up 76 characters.,20190324,06:00 AM,Testfirst,Testlast,t@test.com,(506) 455-7725
skytrain,SkyTrain,Expo Line,Don't Know,,105,Some test details to fill out some space. This comment takes up 76 characters.,20190323,07:00 PM,Testfirst,Testlast,t@test.com,(506) 455-7725
seabus,SeaBus,,,,,Some test details to fill out some space. This comment takes up 76 characters.,20190322,05:00 AM,Testfirst,Testlast,t@test.com,(506) 455-7725
wce,West Coast Express,Waterfront,,,205,Some test details to fill out some space. This comment takes up 76 characters.,20190321,08:00 PM,Testfirst,Testlast,t@test.com,(506) 455-7725
handydart,HandyDART,305,,,"Burnaby, Canada Way and Burris Street",Some test details to fill out some space. This comment takes up 76 characters.,20190327,04:00 AM,Testfirst,Testlast,t@test.com,(506) 455-7725
handytaxi,HandyDART Taxi,405,Big Yellow,415,"Richmond, Granville and St Albans",Some test details to fill out some space. This comment takes up 76 characters.,20190326,09:00 PM,Testfirst,Testlast,t@test.com,(506) 455-7725
webtech,Web/Technical,Transit Alerts,,BlackberryOS,BBBrowser,Some test details to fill out some space. This comment takes up 76 characters.,20190325,03:00 AM,Testfirst,Testlast,t@test.com,(506) 455-7725
lostproperty,Lost Property,West Coast Express,,,,Some test details to fill out some space. This comment takes up 76 characters.,20190324,10:00 PM,Testfirst,Testlast,t@test.com,(506) 455-7725
other,Other,,,,,Some test details to fill out some space. This comment takes up 76 characters.,20190323,02:00 AM,Testfirst,Testlast,t@test.com,(506) 455-7725
